{
  "mean": 0.0009945934871211648,
  "std": 0.9938214288482666,
  "seq_len": 50,
  "per_sensor": {
    "pH": {
      "mean": 7.192587852478027,
      "std": 0.15663921995258331
    },
    "Chlorine": {
      "mean": 1.0042803287506104,
      "std": 0.1475474254617691
    },
    "Temperature": {
      "mean": 20.044214248657227,
      "std": 2.3062994943389894
    }
  }
}